mineral_name,density_gcm3,density_err_gcm3,database_source,sample_id,Wv_0.4000,Wv_0.4131,Wv_0.4263,Wv_0.4394,Wv_0.4525,Wv_0.4656,Wv_0.4788,Wv_0.4919,Wv_0.5050,Wv_0.5181,Wv_0.5312,Wv_0.5444,Wv_0.5575,Wv_0.5706,Wv_0.5837,Wv_0.5969,Wv_0.6100,Wv_0.6231,Wv_0.6362,Wv_0.6494,Wv_0.6625,Wv_0.6756,Wv_0.6887,Wv_0.7019,Wv_0.7150,Wv_0.7281,Wv_0.7413,Wv_0.7544,Wv_0.7675,Wv_0.7806,Wv_0.7938,Wv_0.8069,Wv_0.8200,Wv_0.8331,Wv_0.8463,Wv_0.8594,Wv_0.8725,Wv_0.8856,Wv_0.8988,Wv_0.9119,Wv_0.9250,Wv_0.9381,Wv_0.9513,Wv_0.9644,Wv_0.9775,Wv_0.9906,Wv_1.0038,Wv_1.0169,Wv_1.0300,Wv_1.0431,Wv_1.0563,Wv_1.0694,Wv_1.0825,Wv_1.0956,Wv_1.1088,Wv_1.1219,Wv_1.1350,Wv_1.1481,Wv_1.1613,Wv_1.1744,Wv_1.1875,Wv_1.2006,Wv_1.2138,Wv_1.2269,Wv_1.2400,Wv_1.2531,Wv_1.2663,Wv_1.2794,Wv_1.2925,Wv_1.3056,Wv_1.3188,Wv_1.3319,Wv_1.3450,Wv_1.3581,Wv_1.3713,Wv_1.3844,Wv_1.3975,Wv_1.4106,Wv_1.4238,Wv_1.4369,Wv_1.4500,Wv_1.4631,Wv_1.4763,Wv_1.4894,Wv_1.5025,Wv_1.5156,Wv_1.5288,Wv_1.5419,Wv_1.5550,Wv_1.5681,Wv_1.5813,Wv_1.5944,Wv_1.6075,Wv_1.6206,Wv_1.6338,Wv_1.6469,Wv_1.6600,Wv_1.6731,Wv_1.6863,Wv_1.6994,Wv_1.7125,Wv_1.7256,Wv_1.7388,Wv_1.7519,Wv_1.7650,Wv_1.7781,Wv_1.7913,Wv_1.8044,Wv_1.8175,Wv_1.8306,Wv_1.8438,Wv_1.8569,Wv_1.8700,Wv_1.8831,Wv_1.8963,Wv_1.9094,Wv_1.9225,Wv_1.9356,Wv_1.9487,Wv_1.9619,Wv_1.9750,Wv_1.9881,Wv_2.0013,Wv_2.0144,Wv_2.0275,Wv_2.0406,Wv_2.0537,Wv_2.0669,Wv_2.0800,Wv_2.0931,Wv_2.1063,Wv_2.1194,Wv_2.1325,Wv_2.1456,Wv_2.1588,Wv_2.1719,Wv_2.1850,Wv_2.1981,Wv_2.2113,Wv_2.2244,Wv_2.2375,Wv_2.2506,Wv_2.2638,Wv_2.2769,Wv_2.2900,Wv_2.3031,Wv_2.3163,Wv_2.3294,Wv_2.3425,Wv_2.3556,Wv_2.3688,Wv_2.3819,Wv_2.3950,Wv_2.4081,Wv_2.4213,Wv_2.4344,Wv_2.4475,Wv_2.4606,Wv_2.4737,Wv_2.4869,Wv_2.5000
Diopside_HighCa,3.275,0.002,USGS_Splib07,splib07a_Diopside_HS15.3B_Pyroxene_BECKc_AREF,0.050765727,0.05087080437764585,0.05112254885794747,0.06243884729024026,0.07484113619790794,0.09854912289476837,0.1332781079798518,0.1762003692351525,0.2115750149619608,0.23956813965486512,0.25492743776273097,0.26346890702636544,0.26976007179210854,0.2771400302231472,0.28515657584010223,0.2906162471551808,0.29641648025685624,0.3041622881371022,0.3156197184727209,0.3261709604487085,0.33343515427414017,0.34387824799096667,0.3510415752550028,0.3576472125180509,0.36461406721645545,0.37277734637469906,0.3811022449493838,0.3888610149821591,0.3929863995285987,0.4031458493393003,0.4125183055360187,0.4188440102157625,0.4256696706718637,0.4306380205392719,0.4345538713641392,0.43897009609425053,0.4425507780671194,0.44579602026585696,0.4461826126125936,0.44815315521896076,0.44902013094220805,0.4484775711041699,0.4478050407898189,0.44737485127312965,0.4448629713681589,0.4423928977156818,0.44119912187866467,0.4374023476758253,0.4352714518094669,0.43257290203703613,0.43114239381256875,0.42741820240786765,0.4255174563744257,0.4227178911595942,0.4192689980598504,0.41436879279141997,0.41143728339916924,0.40552589528440514,0.4025100426971437,0.39722443300567817,0.3905980683732,0.382204025015737,0.3753477763398623,0.36628743798824587,0.3625423790093339,0.35760305800239095,0.35341388793007367,0.348186866007045,0.342408666972666,0.3393998846329749,0.3338450224200001,0.33008927349344075,0.3233096672886711,0.31847559103513623,0.31330540622201025,0.3072542005953592,0.30382402078695625,0.3022579218825693,0.30344099268962127,0.3103628024585595,0.3155076619003713,0.30814984455953537,0.2952069574133075,0.284669195105967,0.2805414527884326,0.2747801256232126,0.2727748413606953,0.27332138280148005,0.26767552598986455,0.26795114476530335,0.2696082141635766,0.27079906892249117,0.274620858979906,0.27527232355147285,0.27807846401892644,0.2793218090605194,0.28154835153734176,0.28261821147821065,0.2879639463282489,0.2906295957088532,0.29483776267960876,0.29962860445360495,0.3063646594059739,0.3127468442890987,0.3192720581629721,0.3254033190099215,0.3317215792374069,0.3389106433038262,0.3453025031193206,0.3519352512445773,0.35861929157038513,0.3645526988169985,0.36933233803132537,0.37715254675125576,0.38302428747802414,0.38918905734841946,0.3962056774464933,0.4000588470948265,0.4080135651312247,0.41156828348494373,0.41794292981603437,0.4222593908335003,0.4312367123624461,0.4362108157616598,0.44415289697054205,0.4513633360851291,0.4575940031131058,0.4644288229993307,0.47034091986266185,0.4798959309326803,0.48787629199338645,0.493961401458239,0.5034503843228778,0.5101651353307636,0.5165452698890147,0.5229922241299481,0.5293882693645672,0.5273290366221103,0.5294936262449219,0.536284930306406,0.5480153366163506,0.5546864924018469,0.5613963354816341,0.5664886974790216,0.5706294508195293,0.5738566666491747,0.569643765093411,0.5719356935798314,0.5687516659540303,0.5687966104400972,0.5542502191199706,0.546117200615826,0.5678386295136646,0.5699543749243854,0.5805311020299697,0.6011307779482119,0.6269183792704275,0.5182513308402186,0.24634083275015453,0.2058072747447658,0.21124792
Dolomite_Carbonate,2.87,0.002,USGS_Splib07,splib07a_Dolomite_HS102.3B_BECKb_AREF,0.18745613,0.27469506351309203,0.42731233917691525,0.5374479738789048,0.5745401723068151,0.5912378361336,0.5954838660869906,0.6131597546758669,0.6243475377864832,0.6445093623219851,0.6613480108882842,0.671967053105752,0.6786483843054756,0.6816378792611729,0.6846911058305508,0.6881086743214399,0.689837956591173,0.6917289820960006,0.6924478562579832,0.6932584553624944,0.6947102994610895,0.6953345709188381,0.6962708903621148,0.6960845989906324,0.6980477538949549,0.6988505708982797,0.6978839252093387,0.6991661597279806,0.6978398900256731,0.6994640630408377,0.7014545547492073,0.7008973741356388,0.7020393624041714,0.703727983472723,0.7044644768459825,0.7048601249524508,0.7065068778433089,0.7068565000013143,0.7056510509511897,0.709108768122306,0.70921975,0.7057201145380578,0.7062790781826873,0.7096810693126244,0.7069908200690425,0.7080654005875681,0.7097522496120686,0.7073813187259193,0.708398293831767,0.7060056952221547,0.7071059198728551,0.7089883844578896,0.7090954882611525,0.7079771766913823,0.7092982555255268,0.7084835381300041,0.7090225750083049,0.7103871859348599,0.7092685036488626,0.7088526038950766,0.7111796876121628,0.7120289442320992,0.7071949919705497,0.7132473568181884,0.7133891665956615,0.7140454662354273,0.7143280122537339,0.7128118031961019,0.7139528076014946,0.7154235033441247,0.7120755908803097,0.7145870574155144,0.7156336160110317,0.7148561742994894,0.7140610805591,0.7163805701466842,0.7168869976144424,0.7154550238276264,0.7148168747063895,0.7121859771025784,0.7078841299999997,0.7038087007554005,0.7002809619471334,0.6877881403371241,0.6832555316353087,0.6805169144311262,0.6771750680656214,0.6800983436623184,0.6749062600483606,0.6739240047415304,0.6746661589416707,0.6757525018887663,0.6735215883528551,0.6756710594644786,0.6736208372369097,0.6774047878905174,0.6749241116747712,0.6755553867629203,0.6717258570527577,0.6755616987038976,0.6756692009802382,0.6742755402578309,0.6742503253987223,0.6731525214910302,0.6760619607584922,0.6720552605272249,0.6748528610332348,0.6745510880952457,0.6744017335502936,0.6749781289402498,0.6750162410710363,0.6769223726875112,0.6731369807805067,0.6757801568591971,0.6794266047767967,0.6770109968821011,0.6766280102255176,0.6801947767299318,0.683527053675905,0.6841285415922027,0.68308461,0.6816676597867724,0.6834724458160862,0.6880242325727296,0.687241748963738,0.6857181571115324,0.6849192583459267,0.6863731770100526,0.683640514291472,0.6868613646003577,0.6794796606692051,0.6813790586844766,0.6825362166414752,0.6825371897528603,0.6768896803048322,0.6644075914424014,0.6614717172685693,0.6623887100002798,0.6549312457236006,0.6505407492906522,0.6489400819316501,0.6746890050375096,0.6707786729704703,0.6666828378674776,0.6591849425884275,0.6471967161068807,0.6514521732645697,0.6322531691768324,0.598396631979854,0.5150895878566644,0.47343316790172346,0.4188244262679854,0.550315541091586,0.610065192970031,0.5407932370400163,0.33098012130612214,0.6095195088497689,0.49411440953950314,0.27733222480003555,0.3448112885179328,0.35025412
Magnetite_Fe3O4,5.185,0.004,USGS_Splib07,splib07a_Magnetite_HS195.3B_BECKb_AREF,0.052183364,0.05255887371151631,0.05845671036086973,0.056656364635401316,0.05729439289284839,0.057356378966351,0.0597356819606098,0.060912638103069634,0.060994607387972716,0.061843639566873505,0.06100360824062783,0.06089991783112253,0.061759363022432005,0.06080795494941964,0.061300575690241,0.06125815486622625,0.060530695252133164,0.06023732052242283,0.05993059795887132,0.059456736619328314,0.05947850557115391,0.058347554262332506,0.059169028414402684,0.057502363145909736,0.057821785124263704,0.05812119867005942,0.05828483241636265,0.057770791032397274,0.05829563113235382,0.05750658813483087,0.05807139354127901,0.056740673695245665,0.058368808069292004,0.057319463185020715,0.05822901292457381,0.05704288227203714,0.057915427342112025,0.05669181251881848,0.05754932895269997,0.0575258806248674,0.058029795613553634,0.058685709792740175,0.05760629558327837,0.05836573322313994,0.058293513122560904,0.05918770166167986,0.05793872243534699,0.05845068878901186,0.05848800307490906,0.05752831877773677,0.05783297066972232,0.05783872552625741,0.058412865370556406,0.0582748114698058,0.05770964224907369,0.05876780192400631,0.05813409280162711,0.05872053952722934,0.05800291704764634,0.05866667544200727,0.05839536736924655,0.05810875204367492,0.057546764814004524,0.058148342953507064,0.057999661494879944,0.05702810551200447,0.05699598410469509,0.056977370223792304,0.056965965351117184,0.056612151097374955,0.0561637133306067,0.05576010012558098,0.05576456439150749,0.05495920552090183,0.05500321782245342,0.05416571669805113,0.05397092862555153,0.05409981553776492,0.05268498094508528,0.05106355958054335,0.04972625500000005,0.04970657680499789,0.04803903851538457,0.04657235219917084,0.04615332628340186,0.045399457581836423,0.04535669495093915,0.04311443730680594,0.04471185262032728,0.04457729188201203,0.0450163100626328,0.04463236922502459,0.04349537658501472,0.04455768144267472,0.044752235347463934,0.04503380721345516,0.04524178715261487,0.04641450093899652,0.046507831580366484,0.04775900652673075,0.046979440939273254,0.04862364744898219,0.04812354497539658,0.05066157364919829,0.04981054279030088,0.05061962755049622,0.05059306361162539,0.051771049096890405,0.05277996476516261,0.05292882862238394,0.0557991252658875,0.05540486197176435,0.05405149355490881,0.05498086524548926,0.05694709570932865,0.05820373908305336,0.056942822400890866,0.05951130432238316,0.06138365900184845,0.058691862943559624,0.060788162644605036,0.06040563817718445,0.0625266319032449,0.06315102133406662,0.062462613472235314,0.06430122756265669,0.06584500051021887,0.06668298506179664,0.06779245943443257,0.06796705019599607,0.06910302808892792,0.07095190963014258,0.0697697122703946,0.07310123728230654,0.07262439887362511,0.07372708763037959,0.0776772644726337,0.07559317476942153,0.07443127398181043,0.07692764278213515,0.07866889489554796,0.07740057398430285,0.08056790146278063,0.07742852974120772,0.08290198219929476,0.08207042668086259,0.08219934217505646,0.08338401466603287,0.08289323068363148,0.08115054134261457,0.08397158543101936,0.08710983474756183,0.08357997991151143,0.08638731230132357,0.08631247069464316,0.08771604488666551,0.08979829112989678,0.0933883340824711,0.08863449630881436,0.09006938137059745,0.080596805
Plagioclase_Anorthite,2.762,0.002,USGS_Splib07,splib07a_Anorthite_HS201.3B_Plagio_NIC4aa_RREF,0.80161345,0.7966840076533593,0.7975853646886332,0.7990865036069249,0.7995540470730848,0.7998915245256142,0.802166425793965,0.8031825993360409,0.8044734642344518,0.8049643348929719,0.807132711116172,0.8089854230213595,0.8109439739283989,0.811003365822842,0.8119372112729016,0.8122847152821688,0.8157398062635307,0.8182029402182254,0.8205379845124555,0.8196692414943525,0.8207516263275878,0.8219899203929277,0.8223292488957927,0.8219142137486963,0.8244331103292594,0.8260640241980569,0.8264183049368172,0.8256671154717654,0.8273524623517019,0.8278365949329184,0.8291339010752913,0.8293911703666229,0.8306683889784257,0.8312837720687244,0.8320447057998094,0.832230637484478,0.8339767454947415,0.8354683222761324,0.8356986831394523,0.8352111116457291,0.8360018715024012,0.8359076982004544,0.8355626915881871,0.8363370411117341,0.837310789247809,0.8363532081225362,0.8371824226295614,0.8382903136631015,0.8386884038863367,0.834714408196987,0.8376764312216782,0.838594912512066,0.8393305128106294,0.8392591561461391,0.8385191197006653,0.8374396078752266,0.8381365462690882,0.8383287428292574,0.8392170551513749,0.8378646236446065,0.8363281930769427,0.8353521945554361,0.8357741024347093,0.8367681247582123,0.8372179691722322,0.837010641173434,0.8355293743085475,0.8347701474954431,0.8362665983749689,0.8376588459911543,0.8388791397077191,0.838607226262815,0.8363276378754415,0.8352897809723268,0.8360018590447517,0.8377325810821579,0.8396129787235542,0.8357814832535071,0.8353639196675536,0.828908910589592,0.8329845263381616,0.8238510155769654,0.7897416606244771,0.7553669222616076,0.7196730027426899,0.6950960403348176,0.679813242387024,0.6680646616901532,0.6595191348058579,0.6539704536011298,0.6511626463969589,0.6526604222909197,0.6555323322784343,0.6610706321202656,0.6698746533403154,0.6797265443637048,0.6910894333100764,0.7042501736628506,0.7181113669368916,0.723844888041436,0.7330981603026187,0.7431559742373757,0.7542774070554391,0.7645192525454892,0.7721768890595686,0.7798974595927111,0.7853253655986844,0.7832628579822007,0.7786204359825519,0.7775986179536484,0.7733931608865251,0.7615596441021739,0.752668151578456,0.7402851581385455,0.7047304676002655,0.6554821183572788,0.6447208702664993,0.6244720389784921,0.5669324703542722,0.5174231349175659,0.48487567745971183,0.4469676293728587,0.40235568207075106,0.3623122335965167,0.31721018096671355,0.27653237971891625,0.2476582810448609,0.25646112689292877,0.2320617271800304,0.1874951956521768,0.14827252024147464,0.13910035817924607,0.13681348924229889,0.1336266373343101,0.1249394539985884,0.11555854672742702,0.10119088061319932,0.0777680022887912,0.05010453285235728,0.023309548129997776,0.0061423507776574284,0.03787994357793057,0.05369500574939518,0.0497737631259817,0.028974211751080996,0.05144685325437682,0.05585451679858661,0.08263798126683339,0.07799761145833382,0.07326144816713191,0.08387103109102154,0.03419317984166527,0.030947653102742875,0.023332896591407724,0.036061849892836874,0.05100618447417378,0.05557776738628282,0.0589971646852356,0.04405872675949137,0.0411987279289905,0.064007156
Clinopyroxene_Augite,3.43,,USGS_Splib07,splib07a_Augite_WS588_Pyroxene_NIC4cbb_RREF,0.23644508,0.23963078998464754,0.2411877363311365,0.24336621175842693,0.24642314260309167,0.24851859452469308,0.2506211073098126,0.25319158070153336,0.25641905649131513,0.2589568058631769,0.26113779296298417,0.2635332602576738,0.26637867863155923,0.2692605993666248,0.2722150198764903,0.27531458281172067,0.2776654160714677,0.28047145613090285,0.28336929169255604,0.2859622646856595,0.28933909749025694,0.29248178780795825,0.29519318848283627,0.2978218684285451,0.3011472980230647,0.30408716517414786,0.30757257961748996,0.3097803839271221,0.31263790395745794,0.31457171238102893,0.3174395162786267,0.32233849060776065,0.3247030884878073,0.32839569892134785,0.3307522531617065,0.33418610712407726,0.3372421638325062,0.3413233100984292,0.3446930985983006,0.34806480791121425,0.3506319367258646,0.35397429876764563,0.35812980452149384,0.3616898987772573,0.3655267131129991,0.3682268475145037,0.37094260010780034,0.3741546457315977,0.37816194375082834,0.38234149128286526,0.38596970400970637,0.38862918420405806,0.3906555724276407,0.3938620904449597,0.397281468574641,0.39995124677903027,0.40184293345945693,0.4049041466845641,0.4109996567947427,0.41517348199562654,0.4193754804415536,0.42406855782652475,0.4290998375830119,0.43416526928615723,0.4398569295870311,0.4459434079453439,0.45135479476401924,0.45797531561261734,0.458310425840013,0.46720834731846167,0.47317609931287147,0.46605095968285554,0.46219589174837933,0.371082898745462,0.3832823447185706,0.3854031014923058,0.3506472404333529,0.34697359348260837,0.357923800670673,0.3760207873203532,0.39120548780845554,0.40351717138118764,0.4149108895766177,0.4225578660363865,0.43127567572100034,0.44080145003814,0.4503013179429558,0.4586107761306501,0.4658078856704926,0.4662629585908748,0.46297873037700327,0.4692205150782494,0.4618525033813995,0.48438745156606516,0.49293147617690297,0.4964308511847444,0.49813749570040483,0.49861478480635607,0.49210108243408934,0.4817417997133763,0.47421190402355334,0.463825411092709,0.4881334141599908,0.4872570053849485,0.47750912623881836,0.46937841434108424,0.4694755959108559,0.4597635181150445,0.4431007720120941,0.40147578526182276,0.35912572775549684,0.31922165528820756,0.2854445255272432,0.2675479111344376,0.24286816914833204,0.2625834751804876,0.2618330719233401,0.29209501149517253,0.2843685510636633,0.302602136684412,0.2659264703791901,0.2050155480016004,0.18149062388794815,0.1720615356035226,0.14218736655541178,0.1246281890060388,0.12004062624930763,0.11976239328596024,0.1331294555766045,0.12954199297413144,0.1024323665831915,0.0716394975742495,0.04349295669238282,0.03753325143815007,0.1481922085045523,0.1304045110148331,0.07250607754709006,0.06573125972455854,0.13185491128741728,0.1460553469170838,0.1372521873717139,0.10274286920294695,0.0982796398924399,0.09444890067760477,0.0685930096179635,0.037053056218720126,0.0386135516280001,0.06458554917083781,0.18027759447650463,0.1467336713445468,0.14125322595983641,0.08228527348179232,0.08312368069011306,0.08245657497225733,0.08855828290868595,0.08207971779138719,0.10556503309353692,0.08294714170315627,0.10449558144416415,0.1138552898242857,0.13379536999999997
Olivine_Fo90_Mg,3.222,0.002,USGS_Splib07,splib07a_Olivine_GDS71.b_Fo91_lt60um_NIC4cbu_RREF,0.53852558,0.54153933802093,0.5449856183539123,0.548571739513826,0.552309718313413,0.5563635256517048,0.5603857419427039,0.5641843642186753,0.566283442565583,0.5688875729872719,0.5744665844738169,0.579686860572767,0.5822077812046715,0.5884711260262285,0.5953787236670491,0.6020620649095645,0.6081965470394846,0.6141957739664003,0.6201980668161438,0.6261481482382382,0.6318185828654498,0.6372962507097328,0.6426265799728268,0.6477509381072595,0.6523918821934311,0.6566604964430394,0.6607278761612012,0.6642372015114064,0.6673267117368386,0.670037048029101,0.6724247745906511,0.6743822250811693,0.6760858881068218,0.6775481806650612,0.6787554066925465,0.679787288861301,0.6806130999316862,0.681204915946789,0.68173596546195,0.6821404077086872,0.682503371827867,0.6827005985867837,0.6827820954836916,0.6829910697498174,0.6830585651997062,0.6831262954537103,0.6831018354222527,0.6830079837673253,0.6828702097332963,0.6826101810339941,0.6823032678529826,0.6819520034233159,0.6811241361415515,0.6793655222753361,0.6781452334668604,0.677565544491259,0.6770570365508892,0.6767008026349275,0.6765380898519864,0.6766035991795839,0.6764748921502484,0.6765838359024776,0.6763892211126625,0.6757565085096129,0.6754982023517906,0.6753377923333124,0.675415255447917,0.6750759669728692,0.6745650122532483,0.6731776266520489,0.671038993019649,0.6683935711195951,0.6647020115017037,0.6628503009543271,0.6676585759381308,0.6664031195497829,0.6658304800939,0.6645863073586581,0.6636082602093762,0.6610288243770286,0.6624967583070757,0.6624478079900422,0.6637884571144768,0.6628813900231149,0.6520517780687474,0.40143084725172967,0.40050218106070895,0.4313443249212282,0.4327659824636509,0.4355242113985192,0.4382107495951387,0.4431314313275261,0.4523683715567458,0.4639986506028826,0.4746231590741104,0.4848098519578487,0.49587018965335333,0.5064066049418744,0.5147871169336656,0.5228700686686232,0.5231818960461916,0.5063337128833122,0.5409420130643569,0.5607297737398195,0.5746365131394578,0.5835671953087911,0.5901225827132113,0.5951869988210802,0.5991755178500525,0.6026815114801858,0.5999280538084913,0.6034055765377869,0.5997067154874408,0.59524751605362,0.5873368929964217,0.5790517132703419,0.5690249361405618,0.5578615493140996,0.544808240323945,0.49582613858733526,0.4123560457227122,0.41597910078005434,0.3633112505852627,0.34319691767164207,0.31221167187645643,0.2510786804220994,0.30809256152920966,0.26705775620025857,0.36583438730875856,0.3612180823768671,0.37491557266971076,0.338047977819261,0.2919341925585796,0.26170153921602823,0.22457615396148917,0.21570665875098,0.1756944617953944,0.11345441910044166,0.06232964482066172,0.09281532462638145,0.13973042550549425,0.11754015683882021,0.1765133192639925,0.1495770815165791,0.061463040411353635,0.09738167661774573,0.10388793259183618,0.06936669384137309,0.047910323183495473,0.06408189124783947,0.09356869718804812,0.11229847743594405,0.06738506642639736,0.1797539696292395,0.10453043496556133,0.06366805508615823,0.0993821941176102,0.12858611118648935,0.15133195190820942,0.1853339295686796,0.14256829
Pigeonite_LowCa,3.34,,RELAB,c1px01,0.2702,0.2899538549296566,0.31165144440502623,0.3224140723693038,0.3475324594589141,0.36721828942769213,0.38631689063183006,0.3993795113152529,0.41352,0.41908288783605313,0.41835735024075665,0.41208711983843554,0.40230564304465477,0.3912718140773501,0.38068378010491327,0.37051203678079525,0.36018,0.35097741446684055,0.34157874237517055,0.3320175723145754,0.3230035502118217,0.31493601252879877,0.30738763540112823,0.3013628428005544,0.29609,0.29170100380006175,0.288242951218292,0.2859314240166215,0.2852388785477084,0.28632500710565906,0.2898136100311422,0.29571377384126,0.30314,0.31143559331067533,0.31929968995216107,0.3256747413561025,0.3301497298780444,0.33233959770970734,0.33396548538546333,0.33333854271381735,0.33039,0.32884696847175127,0.33172274918868494,0.33374061823893436,0.3339020786244537,0.3367282212807638,0.3382594427010662,0.34063336027639135,0.34555,0.34866321922501914,0.3484907337617406,0.3501020268984009,0.35191368351069136,0.3518656866260506,0.3513111854003283,0.35256623442747786,0.35654,0.3607259496922009,0.36450631967874825,0.36742478022088426,0.37137452066442844,0.372705515942403,0.37575712672005684,0.3818679361305106,0.38848,0.3962791493090556,0.405019179125934,0.4121751141725833,0.41868799729656714,0.42645582605177396,0.43334820132224944,0.44043308961697625,0.44756,0.4533583602710391,0.4604076519650452,0.4688271584076545,0.47569607207609876,0.48174308603997756,0.4879387917131447,0.4945077772464821,0.50056,0.5063439323266963,0.5126226713986229,0.5188309899507371,0.5249796228776142,0.5309785075869381,0.5366785242480471,0.5422713634626842,0.54834,0.5532023050978792,0.5571199889945229,0.5622139976719064,0.5677443677165807,0.5733686438423697,0.5771745100770759,0.5818902463098329,0.58646,0.5907186422723394,0.5960343429425071,0.6012595323080883,0.6049213765817658,0.6091635342622856,0.6133722440063518,0.6160115298692768,0.61886,0.6223970525600462,0.6264996974370832,0.6299441590434249,0.6352991570075217,0.6371830884132419,0.6405168396113772,0.6435087672573895,0.64737,0.6489421611686907,0.6483133208891545,0.6481188597067052,0.6501000483777443,0.6541895643983268,0.6576113530456006,0.6600491822621946,0.66223,0.6647145774697193,0.6668577157676828,0.6695191070933108,0.67264264588355,0.6751713188473116,0.6772247495485827,0.6783968939841535,0.68012,0.6820206945895316,0.6836817934516125,0.6853076720741782,0.6855306938085441,0.6862837371557343,0.6883195490700283,0.6894783010368423,0.69047,0.6901350302675334,0.689448816551115,0.6895793274095204,0.6909382713456581,0.6937145341114253,0.6948106391907347,0.6975785097164157,0.70096,0.7020312198064781,0.703058899397126,0.7033200405221472,0.7035213423457369,0.7032072185581453,0.7062885611280216,0.7085386911162771,0.70942,0.7124922319314981,0.713309455697355,0.7162156874465305,0.7165608775443797,0.7153697205308863,0.714853070418538,0.7153072298265827,0.7151
Orthopyroxene_En86,3.21,0.003,RELAB,c1pp01,0.08066,0.08581393494203211,0.08964305266496153,0.09234714906673823,0.09363953532683174,0.09696735728929289,0.09993526394247383,0.1031087214338769,0.10712,0.11186850792667533,0.11609434682436746,0.11995839183279686,0.12384631576063812,0.12735104475023146,0.1302697322499,0.13280419637183458,0.13506,0.13722450988102303,0.1391090820684781,0.14088266211917227,0.14264948391363907,0.14410486429129038,0.14577408203253495,0.14706287873823742,0.14857,0.1497943256846358,0.1507312992076807,0.15193907623059452,0.15345242531282466,0.1551173988870012,0.1573291534794816,0.16065747692160479,0.16423,0.1674271843402038,0.1711009205328612,0.17298457941586498,0.172954925897867,0.17201986224577157,0.17025457429849533,0.1670310154787816,0.16343,0.15955114501664056,0.15502632750680548,0.15104970287310301,0.14701084819124238,0.14419896634825774,0.14165845586024414,0.1401935256803319,0.14051,0.14138947468429267,0.14418150415446118,0.14768193190480514,0.15270538017965238,0.15870116516894808,0.16567510801234295,0.17177626164160095,0.17824,0.18458016190620555,0.1900247744738049,0.1953012524859486,0.19997044316676044,0.204945289139775,0.20933769110478317,0.21362132762257446,0.21773,0.22199925336629578,0.22623141316316245,0.23054082618658533,0.23451152329907948,0.23876152772070453,0.24255190637289462,0.24707947251474893,0.25099,0.25290049154878136,0.2586703014496088,0.2606905369684202,0.26364334438096515,0.2680037734892052,0.27309351362117756,0.2766736324659137,0.28029,0.28361583566414394,0.2865968202953981,0.2898040289298395,0.29226373322745836,0.2956561075440315,0.2987151575426378,0.30059003802537104,0.30297,0.30496469136540866,0.30696017381803514,0.3092950257107281,0.310988998259249,0.31192043959983395,0.3138472650733467,0.3156069287409178,0.31591,0.31783556897268944,0.3188345010237244,0.320205248803052,0.32070614344198006,0.32162145109209034,0.3220410288900387,0.32242635863796454,0.3229,0.3239949103050203,0.324222508502274,0.3242698411948685,0.32486590373997937,0.3251600257639274,0.32475664655301584,0.32378472532409686,0.32444,0.32292253126151127,0.322404507212135,0.3199344361325886,0.3195602210712203,0.31824976515729486,0.31741183737668616,0.31583391546851197,0.31558,0.3143919173817808,0.31256033899432967,0.31115589182641096,0.3101851712217779,0.3077818599904823,0.3066575014844217,0.30545370662146326,0.30313,0.30174594533151694,0.2999933106831296,0.29834348804993516,0.29688953189787887,0.29518083147907476,0.29394021362323586,0.2919238043985666,0.29065,0.2893298478770481,0.2883106685541061,0.28775206206470805,0.2868848751888206,0.2852550984863642,0.2858530075091007,0.2857168725710678,0.28444,0.28350957325769116,0.2829934924032132,0.28374354500014737,0.2846124768728614,0.28617608809183054,0.2863295075519198,0.286562439154459,0.28871,0.2916658933978585,0.2941254439002073,0.2964045357360287,0.29991741898894264,0.30323378954083363,0.3055335978067043,0.3085770577713267,0.31173
Mg_Al_Spinel,3.585,0.003,RELAB,c1sp01,0.07471,0.08291792052045689,0.09240929333604164,0.10712949791062716,0.12100698166934448,0.13117684018114448,0.1403589709772039,0.15737334360904723,0.18158,0.21043032894412217,0.2403749904619428,0.2684517567697017,0.2904130555847844,0.31093376884311924,0.3308264732524552,0.35081430124819796,0.37211,0.3929811643679419,0.41335657694828654,0.4341329623293079,0.45396162280123825,0.47095472623039375,0.48668984894124057,0.4994740986937666,0.51154,0.5221885964729032,0.5315559611626111,0.5355571186666764,0.5417763724143497,0.5462061861849403,0.5480656147962116,0.5496691904276835,0.5491,0.549253019155866,0.5473772577955942,0.5445029149805228,0.5443106485013481,0.5405547138719706,0.5405105947155499,0.5391001636513848,0.53712,0.5359238754765997,0.5360633794282231,0.5342239938848662,0.5338644784072484,0.5341219230018609,0.5330202737943586,0.5345015263595075,0.53545,0.5367647282006603,0.5387605867814433,0.5414221926124735,0.5435827165402165,0.5488149400831734,0.5523681389500299,0.5557380483409518,0.56149,0.5645253610472282,0.5681828889079286,0.5727319395765139,0.5776283070703689,0.5837416496329892,0.588282764563835,0.5916968001050784,0.59477,0.5994903598509159,0.6029157960405127,0.6070874006466559,0.611878998592913,0.6142470807084701,0.6182410032311229,0.6216206499286375,0.62193,0.6224436244568703,0.624974084895602,0.6208939553895488,0.6069747077844121,0.5887822229008904,0.5768149161810252,0.5785985851083411,0.59078,0.6006586815270535,0.6088574950474309,0.6195155113484819,0.6285478761527304,0.6347753800336485,0.6411915010529874,0.645693352084574,0.65019,0.6539595513530703,0.6572925212210754,0.6599367825592067,0.6622077707047284,0.6624479303870162,0.6647405863023159,0.6661559808978158,0.66744,0.6691771808940801,0.6700639896067576,0.670310208060052,0.6693063798632861,0.6668390330757884,0.6649978409271509,0.6636995502632409,0.66132,0.6606572363673616,0.6600512856304722,0.659181231285628,0.6595531665006977,0.6589694574814452,0.6593869247833967,0.6537376095452342,0.63687,0.5951023844901653,0.5317497118583577,0.46501362898338494,0.44554423201304433,0.4603879509491644,0.4766765300002135,0.492732973646366,0.50834,0.5236909865213794,0.5404520878711234,0.5551825744783927,0.5675426114184557,0.5785186611974608,0.5862372929077585,0.5907730541201778,0.59754,0.6014594737187092,0.6058684461159077,0.6090083816631269,0.611181662089012,0.6107915416780312,0.6111883999759963,0.6088372844742187,0.6055,0.6005182199327814,0.5950217487445413,0.590116072919032,0.5845565622979317,0.5802559644532959,0.5701929394629149,0.5521979621276786,0.53789,0.5390271738004325,0.5470047081329279,0.5510468669779383,0.5436031687328021,0.5325831779381838,0.5223493046552962,0.5078925472807487,0.49299,0.48178204944557845,0.4693809473974828,0.4586908611484375,0.4476777701658474,0.43741642676438874,0.42793472891021916,0.417176512546492,0.40976
Troilite_FeS,4.83,0.005,RELAB,c1su01,0.06569,0.07976339266058052,0.13364285292906355,0.2784575588297879,0.49267859025107014,0.6851452268862922,0.8183109339314018,0.8953835838629511,0.93584,0.9557299403366752,0.9654327859193089,0.9707514406156256,0.9716230050519986,0.974236226352619,0.9768709540316534,0.9778231099056784,0.97923,0.9804344529362179,0.9824261452281369,0.9818632889741152,0.9828677442465058,0.9824876447099422,0.9820399406537893,0.9833337923634985,0.98563,0.9857089609665649,0.9860876520234554,0.9859270040285579,0.9866177135200332,0.9868422715182705,0.9863885684931066,0.9880722840293805,0.98791,0.9881319982594517,0.989229123081216,0.9887999459801948,0.9906097083467769,0.9897335495339917,0.988558913453833,0.9890353910366815,0.98849,0.9879054442425821,0.9877108043382105,0.9877788324713441,0.987113988714914,0.9878237918398102,0.9860623264833616,0.9881124096915908,0.98682,0.986390428004365,0.9876719679846198,0.98786219138573,0.9876337426538631,0.9884246896221102,0.9883975495597469,0.9888154508594963,0.98834,0.9883233980344068,0.9882202325361802,0.990009229668593,0.989319694005073,0.9903772171373176,0.9892100924127152,0.9901418740540465,0.98923,0.9886755434448896,0.9894680185521404,0.9905300557494846,0.9897602207046315,0.9905207683019336,0.9912420947473425,0.990959276651986,0.99127,0.9909809572279318,0.9903201831093386,0.9890335331306883,0.9894534572238788,0.9911887384734135,0.9919256812173411,0.9918238680043514,0.9922,0.9922022012438426,0.9918639447712893,0.9921224047982741,0.9927288922096827,0.9924642565361208,0.993354454555947,0.9936281877568078,0.99395,0.9940410861063252,0.9939685445346773,0.9944941517649518,0.9948563003566357,0.9952327420122752,0.9946913337708876,0.9955060765953893,0.99696,0.9993744389049803,1.0008434652171294,1.0005949844921354,1.0004020871896409,0.9991825724238593,0.9987696099998641,0.9973997818772257,0.99749,0.9965616896446357,0.9970706275905142,0.9963731464512916,0.9958093785801332,0.9966591338710585,0.9950719582755058,0.9935499488938194,0.99333,0.9913938880604867,0.989704407766928,0.9891285110414831,0.9880483335461775,0.9874639356132804,0.9865769190392355,0.9865556398847519,0.98691,0.9858872760931067,0.9876584845015243,0.98818818066635,0.9867774277678542,0.9872026596907157,0.9854840282661302,0.9837569784805725,0.98437,0.9844315666967111,0.9816976109701606,0.9831118795821376,0.9829083443742884,0.9821012623178379,0.9804633917500073,0.9798395368541669,0.98192,0.9823137722012998,0.98507720996114,0.9859124275087722,0.9855109611757121,0.9865023431931023,0.9855321772212227,0.9857636254014019,0.9857,0.9848544518410899,0.9831714688985778,0.9834847359760669,0.9836130912870464,0.9832005214421998,0.9819670601536178,0.9819170322185994,0.98131,0.9829321649535048,0.9819946635438398,0.9817580118695483,0.9818635557249297,0.9807780060947113,0.9801589795681623,0.9813153874391989,0.98192
Olivine_Fa50_Fe,4.39,,RELAB,c1ol02,0.52561,0.5744265556404133,0.5923320321612044,0.6065993991522094,0.6012333530252392,0.627399198926249,0.6601119928677756,0.6537114813839988,0.69514,0.7071026137134419,0.7232776782655687,0.7481942324689419,0.7617251709703025,0.7610849989296701,0.7523928768110553,0.7415570841886278,0.72924,0.7144642863264085,0.7087816939670388,0.7168470411685366,0.7236875480751588,0.7196242295486097,0.7059267384785426,0.6872029445322934,0.66237,0.6363991622029624,0.6085139862053336,0.5781529006826348,0.5498060494066711,0.5238826876915335,0.5012680561715442,0.4827955099950839,0.46497,0.45083733094427936,0.4395333609499399,0.4296409151140543,0.4201996525917644,0.4085519266469151,0.3960201753560547,0.3829244434664851,0.36631,0.34819924950355824,0.32982485078275775,0.31096098857102883,0.29409510774392855,0.27876804602673627,0.2659416057352975,0.2567957688438283,0.25005,0.2471038019006853,0.2460269764091337,0.24876458512015703,0.25538072894190705,0.26413322917204546,0.27377895052659257,0.2836173358339113,0.2933,0.3015860049912744,0.30882134526837934,0.3151544302430231,0.320357323140709,0.32464612171362073,0.32979457735386436,0.3352074525839413,0.34044,0.3470077337456995,0.3538734771696815,0.3615773428474479,0.37084145643191263,0.3809400438048277,0.3925070735220905,0.40513047124897184,0.41793,0.42835050510025324,0.4450488246831467,0.46097585086505094,0.4784737077656282,0.49781279229707,0.5160983512178109,0.5353809599110455,0.55423,0.573806165890962,0.5931951288027448,0.6136525104164235,0.6326591062148538,0.6512554339210734,0.6707281408916147,0.6888153609579134,0.70629,0.721257823635179,0.7381267566091297,0.752145792418962,0.7670151952763188,0.7798192409472979,0.7915606483020757,0.8012447262087959,0.81225,0.8218709333340085,0.8297329774367223,0.8382624320807606,0.8440207122310146,0.8492744862449261,0.8524499057677077,0.8576708247137299,0.8592,0.8624080528245808,0.8653521057846268,0.8679230780280338,0.871827160601,0.8736319849463843,0.8754024821311843,0.8752838626238351,0.87779,0.8779136054489483,0.8775286831840523,0.876495205653413,0.8758530587820098,0.8764295278845754,0.8767894496527094,0.878788500945129,0.8799,0.8821624870157804,0.8833763112400944,0.8845343089855987,0.8856607925591597,0.8846385241663208,0.8864291407685639,0.8860280424539787,0.88585,0.8866015167993224,0.8876030684660594,0.889834412751019,0.8877920582612644,0.8865108046498833,0.8857042588581958,0.8858787395495241,0.88651,0.887800297119528,0.8886338686079758,0.8893870290987582,0.8890899507177041,0.8884400421130223,0.8880176604499315,0.8887522181311331,0.8899,0.8893322557466002,0.8892809179728484,0.8896382387123434,0.8869800020659886,0.886413824125589,0.8854202283464255,0.8843486361089101,0.88462,0.8844746991954774,0.8832544644465181,0.8826195613413973,0.8812203036411034,0.8796425636049438,0.8790110151704824,0.8804335446161341,0.88222
Iron Powder,7.87,,RELAB,casc06,0.08365,0.083636707890422,0.08467536512659266,0.08625826604791233,0.08760674288925337,0.0898039445366056,0.09146543676317412,0.0929997507757355,0.09468,0.09638500445129515,0.09869618912867582,0.1009687080864237,0.10254503257594252,0.10383861875929519,0.1050536298903407,0.10638052480701032,0.10864,0.11088626401704248,0.11285875525840934,0.11424518275250568,0.11559549748662636,0.11733626136764588,0.11923248117656012,0.12125106022465391,0.12338,0.12590750990214009,0.128583908436314,0.12952556297114073,0.13104072432693598,0.1328235773624847,0.13531460393581315,0.13797349868073,0.14007,0.14141104891958775,0.14320221928036272,0.14573265312463632,0.14756319068590898,0.14959582886010725,0.1512525276076839,0.15338518537942267,0.15541,0.15708202556863535,0.1590746012111037,0.16070707239524856,0.16263116188958915,0.16463973468560794,0.16636437159661255,0.16799941265272236,0.16982,0.17173207477779454,0.1731542979562121,0.17466052293601006,0.17602140108101505,0.17764652881866383,0.17901387385017067,0.18049337613839073,0.18181,0.18373744790219873,0.18535482869737266,0.18673624852327383,0.18802304996800764,0.1901143063673228,0.19147457148818145,0.1924655364383544,0.1941,0.19545904990295312,0.19685369991177495,0.19804150855160593,0.198970538418247,0.20057107935466217,0.20198400102959435,0.20284608112572017,0.20419,0.20478618162755283,0.20576787191499843,0.2075070954422468,0.20804099977120502,0.20952953713972855,0.21086612513869185,0.21193438403697226,0.21279,0.21401115779801957,0.21459843251551827,0.21561054493232654,0.21692523742026,0.21853206078719306,0.21888203445220955,0.21999855028054535,0.21999,0.2214875351149783,0.22200707346090995,0.22311163216304214,0.22426361870835138,0.22522930559865592,0.22565743537846064,0.22721057369452263,0.22813,0.22815319191316705,0.22875395542015903,0.22961257641030747,0.23077130845683497,0.23148035121841332,0.23241622660481656,0.2331974951863345,0.23384,0.23460859653100855,0.2357169884649436,0.23613623028046746,0.23745917612215608,0.23857228733476907,0.23855589572825633,0.23970192240957575,0.24011,0.24080769686925968,0.2417665789662944,0.24269536750653092,0.24344647154535576,0.24399944105532748,0.2442925618263174,0.2453040613747657,0.2457,0.24673544498585187,0.2475276292750425,0.2477586332792116,0.2487724960541486,0.249244725469235,0.25006308852441944,0.2506047882009354,0.25191,0.251875431251955,0.25268048026994927,0.25408458901728787,0.254109058072993,0.25532861470577095,0.2551808011922607,0.2564105392614847,0.25764,0.2585231315414977,0.25925213346129294,0.2602697843431884,0.26082499511086615,0.26193073547977946,0.2622367232730835,0.2632105334261444,0.2631,0.2646249175644983,0.2652633043770031,0.26584772152139646,0.26643504068020585,0.26633452168569044,0.2683602435101112,0.26922285961490816,0.26972,0.2705265960641494,0.27124681371631304,0.27239492167199386,0.2734745657232625,0.2742611419320282,0.27392701432858196,0.274234947761308,0.27397